{"epoch": 0, "train_loss": 0.6262512505054474, "valid_loss": 0.23691017739474773, "learning_rate": 2.7942822745440945e-06, "model_architecture": "maskrcnn_resnet50_fpn_v2"}